"","text","favorited","favoriteCount","replyToSN","created","truncated","replyToSID","id","replyToUID","statusSource","screenName","retweetCount","isRetweet","retweeted","longitude","latitude"
"1","Suspended ang uber today? Ang epal po nila! Kayo umuwi ng late dahil sa work tapos wala kaung sariling sasakayan/di marunong magdrive. Ì†ΩÌ∏°",FALSE,0,NA,2017-08-14 18:39:06,FALSE,NA,"897165700883664896",NA,"<a href=""http://twitter.com/download/iphone"" rel=""nofollow"">Twitter for iPhone</a>","simpleGWEN",0,FALSE,FALSE,NA,NA
"2","@LTFRB Clearly wala kase kayo sigurong kickback sa uber or grab kaya pinagiinitan niyo. F*cking hypocrites and corr‚Ä¶ https://t.co/i3i0c3QlWo",FALSE,0,"LTFRB",2017-08-14 17:58:04,TRUE,"894328780981911553","897155377007017984","1407694686","<a href=""http://twitter.com/download/android"" rel=""nofollow"">Twitter for Android</a>","AlexanderDuca",0,FALSE,FALSE,NA,NA
"3","Uber over Grab pa naman huhu why? Ì†ΩÌ∏≠",FALSE,1,NA,2017-08-14 16:15:03,FALSE,NA,"897129448377417730",NA,"<a href=""http://twitter.com/download/iphone"" rel=""nofollow"">Twitter for iPhone</a>","jadomagallanes",0,FALSE,FALSE,NA,NA
"4","what happened to ‚Äúpromote safety, protection, comfort and convenience to persons‚Äù? @LTFRB I haven‚Äôt ridden a taxi that offers that
@Uber_PH",FALSE,0,NA,2017-08-14 16:11:28,FALSE,NA,"897128548439162880",NA,"<a href=""http://tapbots.com/tweetbot"" rel=""nofollow"">Tweetbot for iŒüS</a>","joeycampillo",0,FALSE,FALSE,NA,NA
"5","There has got to be a reason behind LTFRB's move to suspend Uber but dayum, I can't help but feel this same sentime‚Ä¶ https://t.co/UkkPxBr6W0",FALSE,0,NA,2017-08-14 16:06:10,TRUE,NA,"897127214293991424",NA,"<a href=""http://twitter.com/download/iphone"" rel=""nofollow"">Twitter for iPhone</a>","IAMJoyceeM",0,FALSE,FALSE,NA,NA
"6","Everyone is hating LTFRB. Not saying that they're perfect, pero may nakaisip man lang ba na may fault din ang management ng Uber sa issue?",FALSE,4,NA,2017-08-14 15:51:17,FALSE,NA,"897123468700811264",NA,"<a href=""http://twitter.com/download/iphone"" rel=""nofollow"">Twitter for iPhone</a>","guillyeah",0,FALSE,FALSE,NA,NA
"7","Of all the days naman kasi na masususpend ang uber, bukas talaga? Kung kelan aattend ako ng convention magisa at hindi ko alam yung place. Ì†ΩÌ∏Ü",FALSE,0,NA,2017-08-14 15:44:03,FALSE,NA,"897121647827722240",NA,"<a href=""http://twitter.com/download/iphone"" rel=""nofollow"">Twitter for iPhone</a>","kimgabmagtibay",0,FALSE,FALSE,NA,NA
"8","Guys question. 1st time ko kasi gagamit ng Grab. Same mechanics lang ba to sa uber? Ung Grab share parang uber pool lag din? Haha sorry tnx!",FALSE,0,NA,2017-08-14 15:42:52,FALSE,NA,"897121351269351424",NA,"<a href=""http://twitter.com/download/iphone"" rel=""nofollow"">Twitter for iPhone</a>","kimgabmagtibay",0,FALSE,FALSE,NA,NA
"9","Jsq. Wala nang UBER bukas. Tapos blockedt na 'ko ng grab. Hahahaha. Huhuhu",FALSE,0,NA,2017-08-14 15:30:03,FALSE,NA,"897118125786669057",NA,"<a href=""http://twitter.com/download/iphone"" rel=""nofollow"">Twitter for iPhone</a>","JonathDonut",0,FALSE,FALSE,NA,NA
"10","But but but uber is my life :(",FALSE,5,NA,2017-08-14 15:23:56,FALSE,NA,"897116587777380352",NA,"<a href=""http://twitter.com/download/iphone"" rel=""nofollow"">Twitter for iPhone</a>","niinsie",0,FALSE,FALSE,NA,NA
"11","TIGIL TIGILAN NIYO NGA YUNG UBER HA NANGGIGIL AKO @LTFRB",FALSE,1,NA,2017-08-14 15:19:28,FALSE,NA,"897115461510324224",NA,"<a href=""http://twitter.com/download/iphone"" rel=""nofollow"">Twitter for iPhone</a>","jonjoshuasantos",0,FALSE,FALSE,NA,NA
"12","wth suspended ang uber for 1 month?? Ì†ΩÌ∏´Ì†ΩÌ∏´Ì†ΩÌ∏´",FALSE,0,NA,2017-08-14 15:02:42,FALSE,NA,"897111242703163392",NA,"<a href=""http://twitter.com/download/iphone"" rel=""nofollow"">Twitter for iPhone</a>","thereesedee",0,FALSE,FALSE,NA,NA
"13","suspended ba talaga uber? Ì†ΩÌπÑ",FALSE,0,NA,2017-08-14 14:58:44,FALSE,NA,"897110245696184320",NA,"<a href=""http://twitter.com/download/iphone"" rel=""nofollow"">Twitter for iPhone</a>","superkrixzel",0,FALSE,FALSE,NA,NA
"14","So my country actually banned Uber. Guess we'll be back to commuting with jeeps and taxis that often get mugged?",FALSE,13,NA,2017-08-14 14:49:10,FALSE,NA,"897107836236308480",NA,"<a href=""http://twitter.com/download/iphone"" rel=""nofollow"">Twitter for iPhone</a>","Rainolaguer",3,FALSE,FALSE,NA,NA
"15","@LTFRB JUST SO YOU KNOW YOU'RE RUINING THE LIVES OF THESE HARDWORKING UBER DRIVERS FOR WHAT????!!!!! https://t.co/bUtfu9E49P",FALSE,0,"LTFRB",2017-08-14 14:46:23,FALSE,NA,"897107136848711680","1407694686","<a href=""http://twitter.com/download/iphone"" rel=""nofollow"">Twitter for iPhone</a>","kenbustillos",0,FALSE,FALSE,NA,NA
"16","@RicciRivero06 ano masasabi mo sa pag suspend ng LTFRB sa uber? Ì†ΩÌ∏Ç #6WordsFromRicci",FALSE,0,"RicciRivero06",2017-08-14 14:42:38,FALSE,NA,"897106191146340353","2818142172","<a href=""http://twitter.com/download/android"" rel=""nofollow"">Twitter for Android</a>","KrystalMae14",0,FALSE,FALSE,NA,NA
"17","Eh kaso suspended daw ang uber

S A D https://t.co/vSQR61VwQh",FALSE,1,NA,2017-08-14 14:25:53,FALSE,NA,"897101979012390912",NA,"<a href=""http://twitter.com/download/android"" rel=""nofollow"">Twitter for Android</a>","escovidoo",0,FALSE,FALSE,NA,NA
"18","@LTFRB charot. seryoso, we need uber more than ever. the suspension is yet another burden from this government. Ì†ΩÌ±éÌ†ºÌøª",FALSE,0,"MatthewAbuyo",2017-08-14 14:25:08,FALSE,"897101448801996800","897101789786390532","310946489","<a href=""http://twitter.com/download/iphone"" rel=""nofollow"">Twitter for iPhone</a>","MatthewAbuyo",0,FALSE,FALSE,NA,NA
"19","it's uber na ba? nasuspend pa uber ng 1 month.",FALSE,3,NA,2017-08-14 14:17:46,FALSE,NA,"897099933110513664",NA,"<a href=""http://twitter.com/download/iphone"" rel=""nofollow"">Twitter for iPhone</a>","imcjdavid",0,FALSE,FALSE,NA,NA
"20","Is uber still working??",FALSE,1,NA,2017-08-14 14:14:02,FALSE,NA,"897098996795064320",NA,"<a href=""http://twitter.com/download/iphone"" rel=""nofollow"">Twitter for iPhone</a>","jerissemacala",0,FALSE,FALSE,NA,NA
"21","Ok no uber for 1 month. Metro Manila Alay Lakad nako ani ron? Gg",FALSE,0,NA,2017-08-14 12:53:03,FALSE,NA,"897078613937233920",NA,"<a href=""http://twitter.com/download/iphone"" rel=""nofollow"">Twitter for iPhone</a>","jayeearl",0,FALSE,FALSE,NA,NA
"22","Use my uber code for new users: cessc123ue",FALSE,2,NA,2017-08-14 12:40:37,FALSE,NA,"897075485020110848",NA,"<a href=""http://twitter.com/download/android"" rel=""nofollow"">Twitter for Android</a>","cesscabantog",0,FALSE,FALSE,NA,NA
"23","Pero sige iban nyo na yang uber nang di na ko laging natetempt mag uber at magbalik loob nalang ako sa pagjjeep",FALSE,0,NA,2017-08-14 12:24:05,FALSE,NA,"897071327277797376",NA,"<a href=""http://twitter.com/download/iphone"" rel=""nofollow"">Twitter for iPhone</a>","lnetsantos",0,FALSE,FALSE,NA,NA
"24","Shameful decision @LTFRB. An epitome of antiquated minds that hurdles progression, comfort, security. Im wid u @Uber_PH &amp; dis too shall pass",FALSE,0,NA,2017-08-14 12:21:06,FALSE,NA,"897070574932865033",NA,"<a href=""http://twitter.com/download/iphone"" rel=""nofollow"">Twitter for iPhone</a>","mikegam40",0,FALSE,FALSE,NA,NA
"25","@moxxiecity @barnniiiii @daestined @loeyeols But the best part of samgyup is riding the uber home and apologizing ""‚Ä¶ https://t.co/ZwIxLAWPmG",FALSE,2,"moxxiecity",2017-08-14 12:20:56,TRUE,"897070186485784577","897070534776586242","2702118366","<a href=""http://twitter.com/download/iphone"" rel=""nofollow"">Twitter for iPhone</a>","sekaiinoona",0,FALSE,FALSE,NA,NA
"26","Mag @Uber na lang tayo guys! Ayy, sorry. May 1 mo suspension pala ang #Uber from @LTFRB Ì†ΩÌ∏ü https://t.co/Sv0abdxl1N",FALSE,0,NA,2017-08-14 12:19:34,FALSE,NA,"897070190588026881",NA,"<a href=""http://twitter.com/download/android"" rel=""nofollow"">Twitter for Android</a>","jeromemontes",0,FALSE,FALSE,NA,NA
"27","Hindi hamak na mas okay ang service ng Uber/Grab than a regular taxi @LTFRB plus 50/100 na naman ito Ì†ΩÌ∏°",FALSE,1,NA,2017-08-14 12:09:58,FALSE,NA,"897067771351015424",NA,"<a href=""http://twitter.com/download/iphone"" rel=""nofollow"">Twitter for iPhone</a>","jbvillaruel",0,FALSE,FALSE,NA,NA
"28","why uber whyyyyyyyyy",FALSE,0,NA,2017-08-14 12:08:44,FALSE,NA,"897067464495775746",NA,"<a href=""http://twitter.com/download/iphone"" rel=""nofollow"">Twitter for iPhone</a>","shaniicegarcia",0,FALSE,FALSE,NA,NA
"29","Na-stress ako. Wala ng Uber. Ì†ΩÌ∏≠Ì†ΩÌ∏≠Ì†ΩÌ∏≠",FALSE,0,NA,2017-08-14 12:04:25,FALSE,NA,"897066377189613568",NA,"<a href=""http://twitter.com/download/android"" rel=""nofollow"">Twitter for Android</a>","jaysonnool",0,FALSE,FALSE,NA,NA
"30","Omg! No uber for a month. Ì†ΩÌ∏± https://t.co/lnn9fqjpNo",FALSE,0,NA,2017-08-14 11:51:52,FALSE,NA,"897063218043944961",NA,"<a href=""http://twitter.com/download/iphone"" rel=""nofollow"">Twitter for iPhone</a>","MasterDexter",0,FALSE,FALSE,NA,NA
"31","dami kasing arte ng LTFRB. private company ang Uber pero gustong i-regulate?????? Ì†ΩÌπÑ https://t.co/x9IIyypVps",FALSE,1,NA,2017-08-14 11:48:30,FALSE,NA,"897062372866539520",NA,"<a href=""http://twitter.com/download/iphone"" rel=""nofollow"">Twitter for iPhone</a>","czareenadc",0,FALSE,FALSE,NA,NA
"32","Uber &amp; Grab are suspended immediately for 1 month by LFTRB. REALLY, WHY?! #Uber #Grab https://t.co/H6zzZhv98I",FALSE,0,NA,2017-08-14 11:45:46,FALSE,NA,"897061682672877568",NA,"<a href=""http://twitter.com/download/iphone"" rel=""nofollow"">Twitter for iPhone</a>","KlvnMnstr",0,FALSE,FALSE,NA,NA
"33","uber Ì†ΩÌ∏≠",FALSE,0,NA,2017-08-14 11:30:04,FALSE,NA,"897057731063853056",NA,"<a href=""http://twitter.com/download/android"" rel=""nofollow"">Twitter for Android</a>","damyyya",0,FALSE,FALSE,NA,NA
"34","Nakasakay akong Uber ngayon  dude lol I don't wanna ruin my driver's day hahaha https://t.co/5BNWlX5s2m",FALSE,0,NA,2017-08-14 11:02:36,FALSE,NA,"897050819492577280",NA,"<a href=""http://twitter.com/download/iphone"" rel=""nofollow"">Twitter for iPhone</a>","fblrazon",0,FALSE,FALSE,NA,NA
"35","@iams3cr3tiv3 Pero suspended ang Uber! Taaaaaanginaaaaaa!!! Hahahaha",FALSE,0,"iams3cr3tiv3",2017-08-14 10:52:50,FALSE,"897047054060404736","897048360888094721","226774115","<a href=""http://twitter.com/download/android"" rel=""nofollow"">Twitter for Android</a>","MarckAngeles",0,FALSE,FALSE,NA,NA
"36","May bigayan ba ng jewelry sa uber? Hahaha",FALSE,0,NA,2017-08-14 10:50:17,FALSE,NA,"897047718605897728",NA,"<a href=""http://twitter.com/download/android"" rel=""nofollow"">Twitter for Android</a>","imhrvycstr",0,FALSE,FALSE,NA,NA
"37","UBER PALA",FALSE,0,"marhaeee",2017-08-14 10:14:03,FALSE,"897036201940537345","897038601350914050","78595881","<a href=""http://twitter.com/#!/download/ipad"" rel=""nofollow"">Twitter for iPad</a>","marhaeee",0,FALSE,FALSE,NA,NA
"38","You're the best talaga @Uber https://t.co/ow6DYBW1L3",FALSE,7,NA,2017-08-14 04:59:05,FALSE,NA,"896959337830141953",NA,"<a href=""http://twitter.com/download/iphone"" rel=""nofollow"">Twitter for iPhone</a>","CzarinaFierce",0,FALSE,FALSE,NA,NA
"39","Huhu bat amoy kiwi na panglinis ng sapatos yung uber na nasakyan ko :(",FALSE,1,NA,2017-08-14 02:57:04,FALSE,NA,"896928632156733443",NA,"<a href=""http://twitter.com/download/android"" rel=""nofollow"">Twitter for Android</a>","kririhanna",0,FALSE,FALSE,NA,NA
"40","Dapat makarating ako mamaya ng Makati with the least possible cost. No uber-grab.",FALSE,1,NA,2017-08-14 02:16:56,FALSE,NA,"896918532520148993",NA,"<a href=""http://twitter.com/download/iphone"" rel=""nofollow"">Twitter for iPhone</a>","jobsshhi",0,FALSE,FALSE,NA,NA
"41","Naisip ko pang mag uber kaso tangina lowbat na ako naiiyak ako may report ako at quiz namin naiiyak ako literal",FALSE,0,"sheynestefano",2017-08-14 00:48:24,FALSE,"896895638528380928","896896251223973888","183947243","<a href=""http://twitter.com/download/iphone"" rel=""nofollow"">Twitter for iPhone</a>","sheynestefano",0,FALSE,FALSE,NA,NA
"42","Yesterday I saw a man wearing cebu shirt, now my mom's uber driver speaks Cebuano!!! Huhuhu",FALSE,1,NA,2017-08-14 00:27:12,FALSE,NA,"896890918048890880",NA,"<a href=""http://twitter.com/download/android"" rel=""nofollow"">Twitter for Android</a>","MarjSldjno",0,FALSE,FALSE,NA,NA
"43","roadtrip 'tong uber pool jusko",FALSE,1,NA,2017-08-13 20:20:26,FALSE,NA,"896828814386282497",NA,"<a href=""http://twitter.com/download/android"" rel=""nofollow"">Twitter for Android</a>","mayanc_",0,FALSE,FALSE,NA,NA
"44","sweet ng uber driver ko tonight!! when he knew na pauwi ako ng probinsya he said ""ingat po kayo ma'am ha."" Ì†æÌ¥ó 5 stars!! hehe",FALSE,2,NA,2017-08-13 14:35:16,FALSE,NA,"896741949834539008",NA,"<a href=""http://twitter.com/download/iphone"" rel=""nofollow"">Twitter for iPhone</a>","ThreeshaaDee",0,FALSE,FALSE,NA,NA
"45","I just had the best Uber experience a while ago! This is the first I met an undercover detective! Amazing ng stories niya with videos pa!!!",FALSE,1,NA,2017-08-13 14:28:17,FALSE,NA,"896740195302752257",NA,"<a href=""http://twitter.com/download/iphone"" rel=""nofollow"">Twitter for iPhone</a>","theruthanne",0,FALSE,FALSE,NA,NA
"46","@itsmemika10 @RiaAtayde Hahahha. Sobrang bilis lng nmin nag kita nag aabang ako ng uber tas biglang daan si ate hohoho",FALSE,0,"itsmemika10",2017-08-13 14:25:51,FALSE,"896739242486841345","896739581734694912","1869712968","<a href=""http://twitter.com/download/iphone"" rel=""nofollow"">Twitter for iPhone</a>","DorlayTheGala",0,FALSE,FALSE,NA,NA
"47","POTA NACANCEL KO YUNG SA UBER!!!!!!!",FALSE,0,NA,2017-08-13 12:52:47,FALSE,NA,"896716160619560962",NA,"<a href=""http://twitter.com/download/iphone"" rel=""nofollow"">Twitter for iPhone</a>","inexplisht",0,FALSE,FALSE,NA,NA
"48","kung naging grab/uber driver ako ilang kababalaghan kaya masasaksihan ko sa backseat",FALSE,40,NA,2017-08-13 12:24:00,FALSE,NA,"896708915290750976",NA,"<a href=""http://twitter.com/download/iphone"" rel=""nofollow"">Twitter for iPhone</a>","acirric",0,FALSE,FALSE,NA,NA
"49","Si kuya uber driver na g na g sa gobyerno at corrupt. Kuya, ayoko magcomment kahit gusto ko. Goodvibes lang at pagod ako ngayon haha",FALSE,0,NA,2017-08-13 11:50:31,FALSE,NA,"896700488804061184",NA,"<a href=""http://twitter.com/download/android"" rel=""nofollow"">Twitter for Android</a>","danandrw",0,FALSE,FALSE,NA,NA
"50","Anong mas magandang sakyan, Uber o Grab? Ì†æÌ¥î",FALSE,0,NA,2017-08-13 07:19:03,FALSE,NA,"896632173620371456",NA,"<a href=""http://twitter.com/download/iphone"" rel=""nofollow"">Twitter for iPhone</a>","gorgyjnll",0,FALSE,FALSE,NA,NA
"51","Magkamukha kami ng suot ng kasabay ko sa uber. Hahaha",FALSE,0,NA,2017-08-12 23:57:30,FALSE,NA,"896521055652651008",NA,"<a href=""http://twitter.com/download/android"" rel=""nofollow"">Twitter for Android</a>","tripp_marco",0,FALSE,FALSE,NA,NA
"52","Smooth uber ride and lil wayne's HOW TO LOVE is on the radio. What a perfect weekend. Ì†ΩÌ∏ô",FALSE,2,NA,2017-08-12 22:15:27,FALSE,NA,"896495374071767042",NA,"<a href=""http://twitter.com/download/iphone"" rel=""nofollow"">Twitter for iPhone</a>","MatthewAbuyo",0,FALSE,FALSE,NA,NA
"53","im that friend who sits beside the uber driver",FALSE,1,NA,2017-08-12 15:26:23,FALSE,NA,"896392426096476160",NA,"<a href=""http://twitter.com/download/iphone"" rel=""nofollow"">Twitter for iPhone</a>","gelicamlllln",0,FALSE,FALSE,NA,NA
"54","Taeng tae nako sa kabagalan magdrive nitong uber driver. Kuya palitan na kita dyan pls kairita Ì†ΩÌ∏´",FALSE,4,NA,2017-08-12 14:58:53,FALSE,NA,"896385506811846656",NA,"<a href=""http://twitter.com/download/iphone"" rel=""nofollow"">Twitter for iPhone</a>","kimixvixcii",0,FALSE,FALSE,NA,NA
"55","@CeliahMarie I wasnt able to get a ride on grab as well coz drivers we're cancelling but in uber it only took me 5 sec :/",FALSE,0,"CeliahMarie",2017-08-12 14:31:41,FALSE,"896377698620063745","896378661565116416","544003232","<a href=""http://twitter.com/download/android"" rel=""nofollow"">Twitter for Android</a>","hannaaahsaur",0,FALSE,FALSE,NA,NA
"56","I've been using Grab since forever and I finally realised how Uber is waaay cheaper. Drivers are not so picky as well. #ByeGrab",FALSE,5,NA,2017-08-12 14:14:47,FALSE,NA,"896374409526517760",NA,"<a href=""http://twitter.com/download/android"" rel=""nofollow"">Twitter for Android</a>","hannaaahsaur",0,FALSE,FALSE,NA,NA
"57","Bait ni koya uber driver Ì†ΩÌ∏ä",FALSE,0,NA,2017-08-12 14:10:28,FALSE,NA,"896373320240648193",NA,"<a href=""http://twitter.com/download/iphone"" rel=""nofollow"">Twitter for iPhone</a>","devorah_luis",0,FALSE,FALSE,NA,NA
"58","Ì†ΩÌ≥çRob Manila.. Wanna go home naa! Tagal ni Uber!! Ì†ΩÌ∏©",FALSE,0,NA,2017-08-12 12:46:37,FALSE,NA,"896352219930402816",NA,"<a href=""http://twitter.com/download/iphone"" rel=""nofollow"">Twitter for iPhone</a>","edsmontague",0,FALSE,FALSE,NA,NA
"59","""How did you start your day?""

Tamang April Boy playlist lang ni kuya uber on the way to school.. Ì†ΩÌπÉ",FALSE,2,NA,2017-08-12 11:06:21,FALSE,NA,"896326987467194368",NA,"<a href=""http://twitter.com/#!/download/ipad"" rel=""nofollow"">Twitter for iPad</a>","gabvstl",0,FALSE,FALSE,NA,NA
"60","Gwapo in person ng uber driver ko pota",FALSE,0,NA,2017-08-12 10:17:23,FALSE,NA,"896314666179149825",NA,"<a href=""http://twitter.com/download/android"" rel=""nofollow"">Twitter for Android</a>","jonnaparde_",0,FALSE,FALSE,NA,NA
"61","Kamusta naman yung nakatulog yung Uber driver ko. Kinalabit ko pa siya.",FALSE,3,NA,2017-08-12 07:13:51,FALSE,NA,"896268476678979584",NA,"<a href=""http://twitter.com/download/android"" rel=""nofollow"">Twitter for Android</a>","rodrigoDU2ND",0,FALSE,FALSE,NA,NA
"62","Hindi lang ikaw ang emo, pati rin ang stock market. Ì†æÌ¥£ #OplanAsenso Nakikinig rito habang nasa uber papunta sa client.",FALSE,0,NA,2017-08-12 05:55:08,FALSE,NA,"896248668516306946",NA,"<a href=""http://twitter.com/download/android"" rel=""nofollow"">Twitter for Android</a>","billevable",0,FALSE,FALSE,NA,NA
"63","Kung kelan tlga wala kong dalang payong chaka umulan buti nlng ng uber ako Ì†ΩÌ∏â",FALSE,1,NA,2017-08-12 05:32:31,FALSE,NA,"896242977349042180",NA,"<a href=""http://twitter.com/download/iphone"" rel=""nofollow"">Twitter for iPhone</a>","allyzonmaee",0,FALSE,FALSE,NA,NA
"64","let's say na okay nung una kasi may ka uber pool akong guy tapos si ate france kasama ko",FALSE,0,"enriquezcams",2017-08-12 04:18:09,FALSE,"896224100359716864","896224259097346049","504126338","<a href=""http://twitter.com/download/android"" rel=""nofollow"">Twitter for Android</a>","enriquezcams",0,FALSE,FALSE,NA,NA
"65","sobrang kairita talaga uber driver ko kagabi",FALSE,0,NA,2017-08-12 04:16:44,FALSE,NA,"896223904477224960",NA,"<a href=""http://twitter.com/download/android"" rel=""nofollow"">Twitter for Android</a>","enriquezcams",0,FALSE,FALSE,NA,NA
"66","Yng nasakyan kong uber jusko HAHAHA pambobola alam eh",FALSE,1,NA,2017-08-12 03:34:21,FALSE,NA,"896213240241246209",NA,"<a href=""http://twitter.com/download/iphone"" rel=""nofollow"">Twitter for iPhone</a>","lykkuhh",0,FALSE,FALSE,NA,NA
"67","kwela netong si kuya uber Ì†ΩÌ∏Ç",FALSE,0,NA,2017-08-12 01:12:03,FALSE,NA,"896177426954280960",NA,"<a href=""http://twitter.com/download/android"" rel=""nofollow"">Twitter for Android</a>","katsDCvllnv",0,FALSE,FALSE,NA,NA
"68","May weeds yung uber ko today. https://t.co/HyArDBWbm0",FALSE,5,NA,2017-08-12 01:11:31,FALSE,NA,"896177294045134848",NA,"<a href=""http://twitter.com/download/android"" rel=""nofollow"">Twitter for Android</a>","_terentado",0,FALSE,FALSE,NA,NA
"69","Ganda ng pa welcome sakin ng metro. Cutie netong kuyang uber. HAHAHAHAHA",FALSE,3,NA,2017-08-11 22:39:41,FALSE,NA,"896139084099223552",NA,"<a href=""http://twitter.com/download/iphone"" rel=""nofollow"">Twitter for iPhone</a>","ZXync",0,FALSE,FALSE,NA,NA
"70","Reply po sa dm ko @Uber_PH",FALSE,3,NA,2017-08-11 14:49:11,FALSE,NA,"896020678956113921",NA,"<a href=""http://twitter.com/download/iphone"" rel=""nofollow"">Twitter for iPhone</a>","ckoabel",0,FALSE,FALSE,NA,NA
"71","I want to cry right now but I'm currently in an uber car and I feel so sad but I.. What? Why? HOW? Ì†ΩÌ∏≠Ì†ΩÌ≤î #LOVE__YOURSELF #BTS",FALSE,0,NA,2017-08-11 13:39:17,FALSE,NA,"896003084798763008",NA,"<a href=""http://twitter.com/download/iphone"" rel=""nofollow"">Twitter for iPhone</a>","parkjimin_shi",0,FALSE,FALSE,NA,NA
"72","@AnnoLavarias @TulaybaPao Hahahaha! Getting uber!",FALSE,0,"AnnoLavarias",2017-08-11 13:25:48,FALSE,"895999564645253121","895999694723137536","778139286","<a href=""http://twitter.com/download/android"" rel=""nofollow"">Twitter for Android</a>","nestorabrogena",0,FALSE,FALSE,NA,NA
"73","Putangina maling uber nasakyan HAHAHAHAHAHA",FALSE,4,NA,2017-08-11 13:16:47,FALSE,NA,"895997425143250944",NA,"<a href=""http://twitter.com/download/iphone"" rel=""nofollow"">Twitter for iPhone</a>","JMSarmiento4",0,FALSE,FALSE,NA,NA
"74","My uber driver is so cute hehe",FALSE,5,NA,2017-08-11 12:18:12,FALSE,NA,"895982682537996289",NA,"<a href=""http://twitter.com/download/iphone"" rel=""nofollow"">Twitter for iPhone</a>","ivancamero_",0,FALSE,FALSE,NA,NA
"75","@CalayagCath Di pwede nakakahiya matagal pa pagsasamahan namin sa loob ng Uber hahahaha",FALSE,0,"CalayagCath",2017-08-11 08:54:57,FALSE,"895930524274905089","895931533046841344","370694663","<a href=""http://twitter.com/download/android"" rel=""nofollow"">Twitter for Android</a>","chakigun",0,FALSE,FALSE,NA,NA
"76","Yung email ko napupuno ng food delivery at Uber receipts Ì†ΩÌ∏Ç",FALSE,2,NA,2017-08-11 03:31:08,FALSE,NA,"895850042761674752",NA,"<a href=""http://twitter.com/download/iphone"" rel=""nofollow"">Twitter for iPhone</a>","lendotcom",0,FALSE,FALSE,NA,NA
"77","got drunk on 3 bottles of wine. I never felt anything until I tried chugging my last glass cos uber was already there",FALSE,0,NA,2017-08-11 01:59:29,FALSE,NA,"895826974462967808",NA,"<a href=""http://twitter.com/download/iphone"" rel=""nofollow"">Twitter for iPhone</a>","michellepitao",0,FALSE,FALSE,NA,NA
"78","I have to say this!!!!!

My uber driver has the coolest &amp; illest playlist Ì†ΩÌ¥•Ì†ΩÌ±åÌ†ºÌøª",FALSE,0,NA,2017-08-10 22:42:20,FALSE,NA,"895777361240576000",NA,"<a href=""http://twitter.com/download/iphone"" rel=""nofollow"">Twitter for iPhone</a>","dnnstcrz",1,FALSE,FALSE,NA,NA
"79","isusugal ko buong baon ko sa grab/uber Ì†ΩÌ∏≠",FALSE,1,NA,2017-08-10 22:30:46,FALSE,NA,"895774450519506944",NA,"<a href=""http://twitter.com/download/iphone"" rel=""nofollow"">Twitter for iPhone</a>","_danagaro",0,FALSE,FALSE,NA,NA
"80","One of Uber‚Äôs biggest investors is suing Travis Kalanick for control of the company https://t.co/FxkAtzL4Le via @qz",FALSE,0,NA,2017-08-10 22:06:35,FALSE,NA,"895768366979227648",NA,"<a href=""http://twitter.com/download/android"" rel=""nofollow"">Twitter for Android</a>","erwinoliva",0,FALSE,FALSE,NA,NA
"81","quotang quota ako today sa mainit ulo na uber driver Ì†ΩÌ∏ë",FALSE,3,NA,2017-08-10 17:34:00,FALSE,NA,"895699769401589760",NA,"<a href=""http://twitter.com/download/iphone"" rel=""nofollow"">Twitter for iPhone</a>","shashashairrrra",0,FALSE,FALSE,NA,NA
"82","Dm me @Uber_PH asap",FALSE,1,NA,2017-08-10 14:03:17,FALSE,NA,"895646738140114945",NA,"<a href=""http://twitter.com/download/iphone"" rel=""nofollow"">Twitter for iPhone</a>","ckoabel",0,FALSE,FALSE,NA,NA
"83","I see nothing wrong kung estudyante ka at nag ggrab/uber ka on a regular basis. Often hear, ""estudyante ka lang pero ang gastos mo"" Like wtf",FALSE,13,NA,2017-08-10 12:51:56,FALSE,NA,"895628782131830784",NA,"<a href=""http://twitter.com/download/android"" rel=""nofollow"">Twitter for Android</a>","GabuGabriiel",0,FALSE,FALSE,NA,NA
"84","Di ko sure sa Uber ko kung gusto lang talaga mag bonding kami ng ka-pool ko or gusto lang talaga niya ng paikot-ikot Ì†ΩÌ∏∂",FALSE,11,NA,2017-08-10 10:43:56,FALSE,NA,"895596570921410560",NA,"<a href=""http://twitter.com/download/iphone"" rel=""nofollow"">Twitter for iPhone</a>","MarcGavan",0,FALSE,FALSE,NA,NA
"85","The best uber drivers are the ones that pack a lightning cable just for their riders.",FALSE,7,NA,2017-08-10 10:16:11,FALSE,NA,"895589588202250241",NA,"<a href=""http://twitter.com/download/iphone"" rel=""nofollow"">Twitter for iPhone</a>","diazizzle",2,FALSE,FALSE,NA,NA
"86","Uber Driver: kamuka nyo po si arci mu√±oz
Me: ASAN NA BA YUNG 5 STARS NA YAN IRATE NA KITA NGAYON PALANG",FALSE,9,NA,2017-08-10 10:13:24,FALSE,NA,"895588884876099584",NA,"<a href=""http://twitter.com/download/iphone"" rel=""nofollow"">Twitter for iPhone</a>","dengruby_",0,FALSE,FALSE,NA,NA
"87","What's the actual point of pinning your EXACT location if the Uber driver asks you to just meet him on his preferred convenient place #hayst",FALSE,0,NA,2017-08-10 06:50:58,FALSE,NA,"895537944240443392",NA,"<a href=""http://twitter.com/download/android"" rel=""nofollow"">Twitter for Android</a>","kririhanna",0,FALSE,FALSE,NA,NA
"88","Hi @Uber_PH please DM me ASAP thanks. Ì†ΩÌπÇ",FALSE,0,NA,2017-08-10 04:27:04,FALSE,NA,"895501728446939136",NA,"<a href=""http://twitter.com/download/android"" rel=""nofollow"">Twitter for Android</a>","Floriemaeee",0,FALSE,FALSE,NA,NA
"89","Nakakatamad naman mag commute ng ganitong oras. Hahahahaha uber!!",FALSE,0,NA,2017-08-10 02:25:13,FALSE,NA,"895471065652056064",NA,"<a href=""http://twitter.com/download/android"" rel=""nofollow"">Twitter for Android</a>","cbachrista",0,FALSE,FALSE,NA,NA
"90","Uber driver's Waze encountering connection problem= Sprak me ‚òπÔ∏è",FALSE,1,NA,2017-08-10 01:30:46,FALSE,NA,"895457362076606464",NA,"<a href=""http://twitter.com/download/iphone"" rel=""nofollow"">Twitter for iPhone</a>","whatsupjosue",0,FALSE,FALSE,NA,NA
"91","Grabe na ito, pati Uber driver ko Mom na tawag sa akin. https://t.co/ky3JL3Yb5J",FALSE,49,NA,2017-08-10 00:28:39,FALSE,NA,"895441731499376641",NA,"<a href=""http://twitter.com/download/iphone"" rel=""nofollow"">Twitter for iPhone</a>","mamfaye",0,FALSE,FALSE,NA,NA
"92","Mga besh Bedan kasabay ko sa uber pool. Friends na kami. Peace on earth lang ganyan. Charot!",FALSE,1,NA,2017-08-09 23:45:40,FALSE,NA,"895430913646919680",NA,"<a href=""http://twitter.com/download/android"" rel=""nofollow"">Twitter for Android</a>","queenbd",0,FALSE,FALSE,NA,NA
"93","Getting an Adventure as my Uber = Ì†æÌ¥¢",FALSE,0,NA,2017-08-09 16:42:55,FALSE,NA,"895324523666395136",NA,"<a href=""http://twitter.com/download/iphone"" rel=""nofollow"">Twitter for iPhone</a>","killJILLL",0,FALSE,FALSE,NA,NA
"94","Uber fare Moa to Caloocan 98 pesos walang pang promo?!!??! HUY ANONG MERON Ì†ΩÌ≤ï‚ù§Ô∏èÌ†ΩÌ∏≠#ubertayolage",FALSE,0,NA,2017-08-09 15:32:54,FALSE,NA,"895306904393596929",NA,"<a href=""http://twitter.com/download/iphone"" rel=""nofollow"">Twitter for iPhone</a>","KweeniesofHeart",0,FALSE,FALSE,NA,NA
"95","Sa loob ng Uber, may naka pool ako na taga Espanya. Yun napa discuss ako sa ating kultura. Ì†ΩÌπÑÌ†ΩÌπÑÌ†ΩÌπÑ",FALSE,451,NA,2017-08-09 12:22:30,FALSE,NA,"895258986680692738",NA,"<a href=""http://twitter.com/download/iphone"" rel=""nofollow"">Twitter for iPhone</a>","ronandomingo",7,FALSE,FALSE,NA,NA
"96","Sobrang swerte ko naman sa mga uber driver ko ngayon",FALSE,5,NA,2017-08-09 11:10:33,FALSE,NA,"895240879434104832",NA,"<a href=""http://twitter.com/download/iphone"" rel=""nofollow"">Twitter for iPhone</a>","ninyaturtle_",0,FALSE,FALSE,NA,NA
"97","Yes naman tumataas na rating ko sa Uber. Ì†ΩÌ∏Ç",FALSE,0,NA,2017-08-09 08:57:51,FALSE,NA,"895207485832740864",NA,"<a href=""http://twitter.com/download/android"" rel=""nofollow"">Twitter for Android</a>","cbachrista",0,FALSE,FALSE,NA,NA
"98","From ""wala pong u-turn dito maam eh"" to ""ang babae ngayon kasi iba na eh.""

Napapasarap usapan ng uber driver at ka-pool ko ah...",FALSE,0,NA,2017-08-09 08:06:57,FALSE,NA,"895194677787230208",NA,"<a href=""http://twitter.com/download/iphone"" rel=""nofollow"">Twitter for iPhone</a>","calumpagpatrise",0,FALSE,FALSE,NA,NA
"99","San po ba mas maraming ganap? Sa Grab or sa Uber?!",FALSE,0,NA,2017-08-09 04:49:09,FALSE,NA,"895144897736450049",NA,"<a href=""http://twitter.com/download/iphone"" rel=""nofollow"">Twitter for iPhone</a>","chubuffguy",0,FALSE,FALSE,NA,NA
"100","10 pesos lang from mnl library to NU. May magpipick up kaya sa akin na uberpool? HAHAHA or UberX? @Uber",FALSE,0,NA,2017-08-09 03:43:32,FALSE,NA,"895128384744767488",NA,"<a href=""http://twitter.com/download/iphone"" rel=""nofollow"">Twitter for iPhone</a>","noelcstr",0,FALSE,FALSE,NA,NA
